10898664087;;F;0;0;0;;;;;;
10900010928;1;Y;20220103000005;1;1;;;;;;
10900071896;2;Y;20220119023943;2368;1;;;;;;
10900071896;2;Y;20220119024012;2398;1;;;;;;
10900073173;2;Y;20220121000203;2299;1;;;;;;
10900073178;2;Y;20220121001035;2321;1;;;;;;
10900085902;2;Y;20220210000589;2329;1;;;;;;
10900118828;2;Y;20220317009855;2280;4;;;;;;
10900196984;2;Y;20220420000005;2138;1;;;;;;
10900197746;2;Y;20220420005048;2112;1;;;;;;
10900201783;2;Y;20220421000007;2072;1;;;;;;
10900206304;2;Y;20220421000009;2049;1;;;;;;
10900206446;2;Y;20220422000745;2026;1;;;;;;
10900220512;2;Y;20220427030429;1939;1;;;;;;
10900298066;2;Y;20220524000014;1870;1;;;;;;
10900301457;2;Y;20220524030396;1948;1;;;;;;
10900332000;2;Y;20220530022751;1896;1;;;;;;
10900332737;2;Y;20220530026923;1928;1;;;;;;
10900332813;2;Y;20220530027064;1956;1;;;;;;
10900335824;2;Y;20220531000013;1883;1;;;;;;
10900337120;2;Y;20220531002381;1875;1;;;;;;
10900341454;2;Y;20220531027846;2114;1;;;;;;
10900341454;2;Y;20220531027876;2059;1;;;;;;
10900341466;2;Y;20220531027921;1884;1;;;;;;
10900342509;2;Y;20220531036273;1871;1;;;;;;
10900345026;2;Y;20220601000002;1866;1;;;;;;
10900349125;2;Y;20220601001322;1860;1;;;;;;
10900357352;2;Y;20220601022701;1916;1;;;;;;
10900387864;2;Y;20220606010960;1859;1;;;;;;
10900392490;2;Y;20220606021356;1863;1;;;;;;
10900392498;2;Y;20220606021383;1873;1;;;;;;
10900392505;2;Y;20220606021400;1883;1;;;;;;
10900392506;2;Y;20220606021422;1893;1;;;;;;
10900392523;2;Y;20220606021445;1903;1;;;;;;
10900392531;2;Y;20220606021464;1913;1;;;;;;
10900392532;2;Y;20220606021487;1923;1;;;;;;
10900392539;2;Y;20220606021505;1933;1;;;;;;
10900392540;2;Y;20220606021508;1943;1;;;;;;
10900392546;2;Y;20220606021517;1953;1;;;;;;
10900392547;2;Y;20220606021520;1963;1;;;;;;
10900392548;2;Y;20220606021521;1973;1;;;;;;
10900392556;2;Y;20220606021524;1983;1;;;;;;
10900392564;2;Y;20220606021527;1993;1;;;;;;
10900392580;2;Y;20220606021585;2003;1;;;;;;
10900396459;2;Y;20220607000019;1858;1;;;;;;
10900399140;2;Y;20220607006243;1850;1;;;;;;
10900401881;2;Y;20220607016441;1840;1;;;;;;
10900409363;2;Y;20220608007370;2135;1;;;;;;
10900409389;2;Y;20220608007474;2085;1;;;;;;
10900410472;2;Y;20220608010413;1830;3;;;;;;
10900413239;2;Y;20220608017459;1830;1;;;;;;
10900414832;2;Y;20220608025621;1820;1;;;;;;
10900416843;2;Y;20220608038268;1810;1;;;;;;
10900418857;2;Y;20220609000022;1820;3;;;;;;
10900418858;2;Y;20220609000023;1810;3;;;;;;
10900428009;2;Y;20220609046329;1800;3;;;;;;
10900429004;2;Y;20220609061992;1790;3;;;;;;
10900433104;2;Y;20220610000485;1800;1;;;;;;
10900433109;2;Y;20220610000567;1790;1;;;;;;
10900433117;2;Y;20220610000609;1780;1;;;;;;
10900433118;2;Y;20220610000676;1770;1;;;;;;
10900433275;2;Y;20220610001073;1780;3;;;;;;
10900433315;2;Y;20220610001110;1770;3;;;;;;
10900434321;2;Y;20220610005879;1793;1;;;;;;
10900434559;2;Y;20220610008045;1760;3;;;;;;
10900434737;2;Y;20220610009264;1840;3;;;;;;
10900436713;2;Y;20220427024129;1997;1;;;;;;
10900436859;2;Y;20220610025242;1797;1;;;;;;
10900437421;2;Y;20220610029913;2035;1;;;;;;
10900438030;2;Y;20220610032779;2100;1;;;;;;
10900442207;2;Y;20220610071179;1750;3;;;;;;
10900443178;2;Y;20220610083666;1760;1;;;;;;
10900443185;2;Y;20220610083860;1750;1;;;;;;
10900443499;2;Y;20220610087714;1740;1;;;;;;
10900445272;2;Y;20220613000007;1786;1;;;;;;
10900445426;2;Y;20220613000009;1821;1;;;;;;
10900450290;2;Y;20220613000050;1786;1;;;;;;
10900450412;2;Y;20220613000112;1829;1;;;;;;
10900451208;1;Y;20220613001432;1519;26;;;;;;
10900452609;1;Y;20220613005936;1653;1;;;;;;
10900453898;1;Y;20220613014694;1502;1;;;;;;
10900455457;2;Y;20220613023916;1777;1;;;;;;
10900455778;1;Y;20220613025625;1550;4;;;;;;
10900457047;2;Y;20220613032934;1953;1;;;;;;
10900457274;1;Y;20220613033974;1650;1;;;;;;
10900458477;2;Y;20220613041152;1740;3;;;;;;
10900458512;2;Y;20220613041298;1730;3;;;;;;
10900458539;2;Y;20220613041374;1720;3;;;;;;
10900459251;2;Y;20220613045809;1834;1;;;;;;
10900461296;2;Y;20220613057930;1724;2;;;;;;
10900461326;2;Y;20220613058132;1724;2;;;;;;
10900461914;1;Y;20220613064981;1575;1;;;;;;
10900462273;1;Y;20220613068271;1572;1;;;;;;
10900469983;1;Y;20220614000032;1600;1;;;;;;
10900471642;1;Y;20220614000048;1623;1;;;;;;
10900471642;1;Y;20220614000049;1650;1;;;;;;
10900471643;1;Y;20220614000050;1600;1;;;;;;
10900472305;2;Y;20220614000059;1838;1;;;;;;
10900472761;1;Y;20220614000071;1643;1;;;;;;
10900473688;2;Y;20220614002060;1730;1;;;;;;
10900475938;1;Y;20220614014794;1650;2;;;;;;
10900476519;1;Y;20220614019227;1659;1;;;;;;
10900480327;2;Y;20220614041914;1747;1;;;;;;
10900480546;1;Y;20220614042595;1506;2;;;;;;
10900482136;1;Y;20220614054248;1657;1;;;;;;
10900482140;1;Y;20220614054380;1627;1;;;;;;
10900484281;2;Y;20220614077761;1768;1;;;;;;
10900485921;2;Y;20220614101339;1834;1;;;;;;
10900485927;2;Y;20220614101391;1859;1;;;;;;
10900486353;2;Y;20220614108264;1983;100;;;;;;
10900486374;2;Y;20220614108539;1830;1;;;;;;
10900486378;2;Y;20220614108609;1855;7;;;;;;
10900486878;2;Y;20220614112900;1745;1;;;;;;
10900486979;2;Y;20220614113641;1790;6;;;;;;
10900487992;2;Y;20220615000003;1943;1;;;;;;
10900488050;2;Y;20220615000009;1939;1;;;;;;
10900489319;2;Y;20220615000037;1733;1;;;;;;
10900490404;2;Y;20220615000067;1950;1;;;;;;
10900491099;2;Y;20220615000278;1735;1;;;;;;
10900492509;2;Y;20220615005175;1937;1;;;;;;
10900493170;2;Y;20220615008902;1935;1;;;;;;
10900493320;2;Y;20220615009606;1738;1;;;;;;
10900494576;1;Y;20220615018398;1587;4;;;;;;
10900494877;2;Y;20220615021127;1850;6;;;;;;
10900497726;1;Y;20220615036475;1650;5;;;;;;
10900497727;1;Y;20220615036485;1640;5;;;;;;
10900497737;1;Y;20220615036495;1630;5;;;;;;
10900498277;1;Y;20220615040928;1506;5;;;;;;
10900501586;2;Y;20220615058618;1723;1;;;;;;
10900501756;1;Y;20220615060750;1653;10;;;;;;
10900502050;1;Y;20220615063087;1625;1;;;;;;
10900505344;2;Y;20220615089290;1719;1;;;;;;
10900505738;2;Y;20220615092198;1750;1;;;;;;
10900505749;2;Y;20220615092261;1800;1;;;;;;
10900506477;2;Y;20220617095865;1703;1;;;;;;
10900511482;1;Y;20220617000079;1595;1;;;;;;
10900511482;2;Y;20220617000080;1759;1;;;;;;
10900511723;2;Y;20220617000097;1819;1;;;;;;
10900511996;2;Y;20220617000101;1854;1;;;;;;
10900513432;2;Y;20220617000130;1711;1;;;;;;
10900513433;1;Y;20220617000134;1640;1;;;;;;
10900514285;1;Y;20220617000521;1649;2;;;;;;
10900515083;2;Y;20220617002367;1849;1;;;;;;
10900515496;1;Y;20220617002659;1639;1;;;;;;
10900517151;1;Y;20220617007455;1651;1;;;;;;
10900517177;1;Y;20220615007517;1651;1;;;;;;
10900518035;2;Y;20220617010014;1775;1;;;;;;
10900519716;1;Y;20220617015533;1650;5;;;;;;
10900520046;2;Y;20220617016805;1944;1;;;;;;
10900520066;2;Y;20220617016859;1853;1;;;;;;
10900521833;2;Y;20220617021280;1710;1;;;;;;
10900522682;2;Y;20220617023363;1710;3;;;;;;
10900526417;2;Y;20220617034130;1727;3;;;;;;
10900526718;1;Y;20220617035071;1573;1;;;;;;
10900527234;1;Y;20220617037486;1675;1;;;;;;
10900527248;1;Y;20220617037520;1665;1;;;;;;
10900527496;2;Y;20220617038943;1740;1;;;;;;
10900528132;1;Y;20220617040719;1502;1;;;;;;
10900528433;1;Y;20220617041750;1553;1;;;;;;
10900529253;1;Y;20220617043297;1648;1;;;;;;
10900529747;1;Y;20220617045336;1670;2;;;;;;
10900529991;2;Y;20220617046115;1765;4;;;;;;
10900532458;2;Y;20220617051875;1800;1;;;;;;
10900533784;1;Y;20220617053649;1670;1;;;;;;
10900534262;2;Y;20220617054327;1748;4;;;;;;
10900535912;2;Y;20220617057327;1780;3;;;;;;
10900536094;2;Y;20220617057568;2078;1;;;;;;
10900536117;1;Y;20220617057581;1670;3;;;;;;
10900536149;2;Y;20220617057602;2155;1;;;;;;
10900537249;2;Y;20220617059344;1729;1;;;;;;
10900537326;2;Y;20220617059706;1701;1;;;;;;
10900539570;2;Y;20220617066739;1824;1;;;;;;
10900540821;2;Y;20220617069237;1688;2;;;;;;
10900540945;2;Y;20220617069590;1698;2;;;;;;
10900540977;2;Y;20220617069644;1694;2;;;;;;
10900542048;1;Y;20220617072243;1627;2;;;;;;
10900542055;1;Y;20220617072248;1669;1;;;;;;
10900542127;1;Y;20220617072373;1603;1;;;;;;
10900542214;1;Y;20220617072403;1634;4;;;;;;
10900542268;1;Y;20220617072465;1670;1;;;;;;
10900542428;1;Y;20220617072798;1660;1;;;;;;
10900543350;1;Y;20220617073717;1673;1;;;;;;
10900543861;2;Y;20220617073817;1718;1;;;;;;
10900543889;1;Y;20220617073819;1676;1;;;;;;
10900544143;2;Y;20220617073862;1680;9;;;;;;
10900544416;1;Y;20220617073923;1659;1;;;;;;
10900544453;2;Y;20220617073939;1776;8;;;;;;
10900544642;1;Y;20220617074019;1678;2;;;;;;
10900544643;1;Y;20220617074022;1678;1;;;;;;
10900544663;1;Y;20220617074028;1678;1;;;;;;
23400286805;1;A;20220620000001;1676;9;0;0;0;0;0;0
23400287099;1;A;20220620000002;1674;9;0;0;0;0;0;0
23400287273;1;A;20220620000003;1672;9;0;0;0;0;0;0
23400290915;1;A;20220620000004;1670;9;0;0;0;0;0;0
23400290947;1;A;20220620000005;1668;9;0;0;0;0;0;0
23400296666;1;A;20220620000006;1666;9;0;0;0;0;0;0
23400296709;1;A;20220620000007;1664;9;0;0;0;0;0;0
23400296874;1;A;20220620000008;1662;9;0;0;0;0;0;0
23400302309;1;A;20220620000009;1660;9;0;0;0;0;0;0
23400302632;1;A;20220620000010;1658;9;0;0;0;0;0;0
23400312339;1;A;20220620000011;1656;9;0;0;0;0;0;0
23400312413;1;A;20220620000012;1654;9;0;0;0;0;0;0
23400312508;1;A;20220620000013;1652;9;0;0;0;0;0;0
23400319038;1;A;20220620000014;1650;9;0;0;0;0;0;0
23400319138;1;A;20220620000015;1648;9;0;0;0;0;0;0
23400326954;1;A;20220620000016;1646;9;0;0;0;0;0;0
23400327067;1;A;20220620000017;1644;9;0;0;0;0;0;0
23400327115;1;A;20220620000018;1642;9;0;0;0;0;0;0
23400330587;1;A;20220620000019;1640;9;0;0;0;0;0;0
23400331122;1;A;20220620000020;1638;9;0;0;0;0;0;0
23400331150;1;A;20220620000021;1636;9;0;0;0;0;0;0
23400344873;1;A;20220620000022;1634;9;0;0;0;0;0;0
23400344888;1;A;20220620000023;1632;9;0;0;0;0;0;0
23400344895;1;A;20220620000024;1630;9;0;0;0;0;0;0
23400344920;1;A;20220620000025;1628;9;0;0;0;0;0;0
23400344942;2;A;20220620000026;1680;9;0;0;0;0;0;0
23400358987;2;A;20220620000027;1682;9;0;0;0;0;0;0
23400359072;2;A;20220620000028;1684;9;0;0;0;0;0;0
23400359086;2;A;20220620000029;1686;9;0;0;0;0;0;0
23400359115;2;A;20220620000030;1688;9;0;0;0;0;0;0
23400359199;2;A;20220620000031;1690;9;0;0;0;0;0;0
23400362981;2;A;20220620000032;1692;9;0;0;0;0;0;0
23400363018;2;A;20220620000033;1694;9;0;0;0;0;0;0
23400363040;2;A;20220620000034;1696;9;0;0;0;0;0;0
23400380919;2;A;20220620000035;1698;9;0;0;0;0;0;0
23400380986;2;A;20220620000036;1700;9;0;0;0;0;0;0
23400381023;2;A;20220620000037;1702;9;0;0;0;0;0;0
23400381047;2;A;20220620000038;1704;9;0;0;0;0;0;0
23400381068;2;A;20220620000039;1706;9;0;0;0;0;0;0
23400382486;2;A;20220620000040;1708;9;0;0;0;0;0;0
23400398469;2;A;20220620000041;1710;9;0;0;0;0;0;0
23400398523;2;A;20220620000042;1712;9;0;0;0;0;0;0
23400398548;2;A;20220620000043;1714;9;0;0;0;0;0;0
23400398571;2;A;20220620000044;1716;9;0;0;0;0;0;0
23400398597;2;A;20220620000045;1718;9;0;0;0;0;0;0
23400423018;2;A;20220620000046;1720;9;0;0;0;0;0;0
23400423040;2;A;20220620000047;1722;9;0;0;0;0;0;0
23400423070;2;A;20220620000048;1724;9;0;0;0;0;0;0
23400423095;2;A;20220620000049;1726;9;0;0;0;0;0;0
23400423118;2;A;20220620000050;1728;9;0;0;0;0;0;0
23400635756;1;A;20220620000051;1690;1;0;0;0;0;0;0
23402757929;2;A;20220620000052;1681;1;0;0;0;0;0;0
23402797483;2;A;20220620000053;1725;2;0;0;0;0;0;0
23402801355;1;A;20220620000054;1647;1;0;0;0;0;0;0
23402858398;2;A;20220620000055;0;1;0;0;0;0;0;0
23403280740;1;A;20220620000057;1654;1;0;0;0;0;0;0
23404224887;2;A;20220620000058;1693;1;0;0;0;0;0;0
23404322616;1;A;20220620000059;1678;1;0;0;0;0;0;0
23404458095;2;A;20220620000060;0;1;0;0;0;0;0;0
23404462618;2;A;20220620000061;0;1;0;0;0;0;0;0
23404465970;2;A;20220620000062;0;1;0;0;0;0;0;0
23404557093;2;A;20220620000064;1692;4;0;0;0;0;0;0
23404751912;2;A;20220620000065;1699;1;0;0;0;0;0;0
23404789254;2;A;20220620000066;1846;1;0;0;0;0;0;0
23405120917;1;A;20220620000068;1664;1;0;0;0;0;0;0
23405166842;2;A;20220620000069;1826;1;0;0;0;0;0;0
23405167001;1;A;20220620000070;1654;25;0;0;0;0;0;0
23405167969;1;A;20220620000072;1680;5;0;0;0;0;0;0
23405168304;1;A;20220620000073;1662;15;0;0;0;0;0;0
23405834310;1;A;20220620000074;1648;1;0;0;0;0;0;0
23405838374;1;A;20220620000075;1633;1;0;0;0;0;0;0
23405842436;1;A;20220620000076;1619;1;0;0;0;0;0;0
23405846612;1;A;20220620000077;1598;1;0;0;0;0;0;0
23405850584;2;A;20220620000078;1711;1;0;0;0;0;0;0
23405854886;2;A;20220620000079;1725;1;0;0;0;0;0;0
23405858687;2;A;20220620000080;1741;1;0;0;0;0;0;0
23405863173;2;A;20220620000081;1772;1;0;0;0;0;0;0
23405866741;2;A;20220620000082;1789;1;0;0;0;0;0;0
23406165942;1;A;20220620000083;1668;1;0;0;0;0;0;0
23406166431;2;A;20220620000084;1749;1;0;0;0;0;0;0
23406166805;2;A;20220620000086;1696;25;0;0;0;0;0;0
23406167576;2;A;20220620000087;0;3;0;0;0;0;0;0
23406168280;2;A;20220620000088;1698;10;0;0;0;0;0;0
23406638931;2;A;20220620000089;1700;3;0;0;0;0;0;0
23406817628;2;A;20220620000091;1750;1;0;0;0;0;0;0
23406833333;2;A;20220620000092;2000;1;0;0;0;0;0;0
23406913413;1;A;20220620000093;1660;2;0;0;0;0;0;0
23407165547;2;A;20220620000094;0;1;0;0;0;0;0;0
23407165984;2;A;20220620000095;1699;1;0;0;0;0;0;0
23407166292;1;A;20220620000096;1666;1;0;0;0;0;0;0
23407166307;1;A;20220620000097;1658;1;0;0;0;0;0;0
23407166821;1;A;20220620000098;1678;1;0;0;0;0;0;0
23407167213;1;A;20220620000099;1677;2;0;0;0;0;0;0
23407854509;2;A;20220620000102;1680;2;0;0;0;0;0;0
23408179629;2;A;20220620000103;1772;1;0;0;0;0;0;0
23408885940;1;A;20220620000104;1680;3;0;0;0;0;0;0
23408894951;2;A;20220620000105;1698;3;0;0;0;0;0;0
23409079146;1;A;20220620000106;1670;1;0;0;0;0;0;0
23409114005;1;A;20220620000107;1650;5;0;0;0;0;0;0
23409121439;2;A;20220620000108;1750;5;0;0;0;0;0;0
23409321579;2;A;20220620000111;0;2;0;0;0;0;0;0
23409325324;2;A;20220620000112;1698;1;0;0;0;0;0;0
23409329177;2;A;20220620000113;1678;1;0;0;0;0;0;0
23410504667;1;A;20220620000114;1654;1;0;0;0;0;0;0
23410512900;2;A;20220620000115;1714;1;0;0;0;0;0;0
23410579213;1;A;20220620000116;1679;1;0;0;0;0;0;0
23410961682;1;A;20220620000117;1678;9;0;0;0;0;0;0
23412154152;2;A;20220620000118;1697;1;0;0;0;0;0;0
23412216379;2;A;20220620000119;1706;3;0;0;0;0;0;0
23412230236;2;A;20220620000120;1704;1;0;0;0;0;0;0
23412258859;1;A;20220620000121;1656;1;0;0;0;0;0;0
23412298794;1;A;20220620000122;0;5;0;0;0;0;0;0
23412325512;2;A;20220620000123;1707;1;0;0;0;0;0;0
23412340822;1;A;20220620000124;1658;1;0;0;0;0;0;0
23412354449;1;A;20220620000125;1657;1;0;0;0;0;0;0
23412368176;1;A;20220620000126;0;2;0;0;0;0;0;0
23412398887;1;A;20220620000127;1667;2;0;0;0;0;0;0
23412411060;1;A;20220620000128;1649;1;0;0;0;0;0;0
23412425160;2;A;20220620000129;1705;2;0;0;0;0;0;0
23412462440;1;A;20220620000130;1657;16;0;0;0;0;0;0
23412479358;2;A;20220620000131;1717;16;0;0;0;0;0;0
23412492806;1;A;20220620000132;1681;1;0;0;0;0;0;0
23412495128;2;A;20220620000133;1714;1;0;0;0;0;0;0
23412508816;2;A;20220620000134;1717;2;0;0;0;0;0;0
23412580545;1;A;20220620000135;1642;1;0;0;0;0;0;0
23412900891;2;A;20220620000136;1698;3;0;0;0;0;0;0
23412949622;1;A;20220620000137;1673;5;0;0;0;0;0;0
23413690468;1;A;20220620000138;0;1;0;0;0;0;0;0
23413701008;1;A;20220620000139;1678;2;0;0;0;0;0;0
23413712577;2;A;20220620000140;1696;1;0;0;0;0;0;0
23413716474;1;A;20220620000141;1680;1;0;0;0;0;0;0
23413823205;1;A;20220620000142;1660;1;0;0;0;0;0;0
23413831179;1;A;20220620000143;1650;2;0;0;0;0;0;0
23413872274;1;A;20220620000144;1658;1;0;0;0;0;0;0
23413909883;1;A;20220620000145;0;7;0;0;0;0;0;0
23414043104;2;A;20220620000146;0;1;0;0;0;0;0;0
23414051889;1;A;20220620000147;1664;3;0;0;0;0;0;0
23415259861;1;A;20220620000148;1666;1;0;0;0;0;0;0
23415305450;1;A;20220620000149;1661;1;0;0;0;0;0;0
23415366393;2;A;20220620000150;1687;1;0;0;0;0;0;0
23415433078;1;A;20220620000151;1658;1;0;0;0;0;0;0
23415574355;1;A;20220620000152;1650;1;0;0;0;0;0;0
23415629024;1;A;20220620000154;0;2;0;0;0;0;0;0
23415654862;1;A;20220620000155;1681;1;0;0;0;0;0;0
23415659894;1;A;20220620000156;1686;3;0;0;0;0;0;0
23416207362;2;A;20220620000158;0;1;0;0;0;0;0;0
23416937980;2;A;20220620000160;1703;1;0;0;0;0;0;0
23416954156;2;A;20220620000161;1717;1;0;0;0;0;0;0
23416980990;1;A;20220620000162;1510;2;0;0;0;0;0;0
23417006952;1;A;20220620000163;1662;1;0;0;0;0;0;0
23417033479;1;A;20220620000164;1652;2;0;0;0;0;0;0
23417057502;1;A;20220620000165;1642;2;0;0;0;0;0;0
23417717843;1;A;20220620000166;1640;31;0;0;0;0;0;0
23417885346;1;A;20220620000167;0;18;0;0;0;0;0;0
23418034036;2;A;20220620000168;1740;18;0;0;0;0;0;0
23419219078;1;A;20220620000169;1672;1;0;0;0;0;0;0
23421794843;2;A;20220620000170;1697;1;0;0;0;0;0;0
23421809949;2;A;20220620000171;1696;1;0;0;0;0;0;0
23421822581;2;A;20220620000172;1698;1;0;0;0;0;0;0
23421839997;2;A;20220620000173;1789;19;0;0;0;0;0;0
23421853687;2;A;20220620000174;1695;5;0;0;0;0;0;0
23421866566;2;A;20220620000175;0;3;0;0;0;0;0;0
23421886053;2;A;20220620000176;0;5;0;0;0;0;0;0
23421900553;1;A;20220620000177;0;5;0;0;0;0;0;0
23422281991;2;A;20220620000178;0;1;0;0;0;0;0;0
23424800066;2;A;20220620000179;1680;1;0;0;0;0;0;0
23425257792;1;A;20220620000180;1647;1;0;0;0;0;0;0
23426644512;1;A;20220620000181;1452;2;0;0;0;0;0;0
23426707127;1;A;20220620000182;1498;4;0;0;0;0;0;0
23426752617;1;A;20220620000183;1548;2;0;0;0;0;0;0
23426784521;1;A;20220620000184;1589;2;0;0;0;0;0;0
23426809586;1;A;20220620000185;1684;1;0;0;0;0;0;0
23426820253;1;A;20220620000186;1598;2;0;0;0;0;0;0
23426860462;1;A;20220620000187;1649;2;0;0;0;0;0;0
23427101587;1;A;20220620000188;1650;1;0;0;0;0;0;0
23428156700;2;A;20220620000189;0;1;0;0;0;0;0;0
23428200782;1;A;20220620000190;1643;1;0;0;0;0;0;0
23430329528;1;A;20220620000191;1660;3;0;0;0;0;0;0
23430369826;2;A;20220620000192;1700;3;0;0;0;0;0;0
23431094555;1;A;20220620000193;1670;1;0;0;0;0;0;0
23431146656;1;A;20220620000194;1672;1;0;0;0;0;0;0
23431186120;1;A;20220620000195;1674;1;0;0;0;0;0;0
23431227203;1;A;20220620000196;1676;1;0;0;0;0;0;0
23431361020;1;A;20220620000197;1678;1;0;0;0;0;0;0
23431405926;1;A;20220620000198;1680;1;0;0;0;0;0;0
23433135908;2;A;20220620000200;1719;1;0;0;0;0;0;0
23433164143;1;A;20220620000201;1576;1;0;0;0;0;0;0
23433194335;2;A;20220620000202;1738;1;0;0;0;0;0;0
23433225260;1;A;20220620000203;1678;1;0;0;0;0;0;0
23433304352;1;A;20220620000205;1675;1;0;0;0;0;0;0
23433337069;2;A;20220620000206;1708;10;0;0;0;0;0;0
23433383702;2;A;20220620000207;0;5;0;0;0;0;0;0
23433432530;1;A;20220620000208;1671;2;0;0;0;0;0;0
23434312748;2;A;20220620000209;1703;1;0;0;0;0;0;0
23434343535;2;A;20220620000210;1708;1;0;0;0;0;0;0
23434364737;2;A;20220620000211;1708;1;0;0;0;0;0;0
23434404786;2;A;20220620000212;1735;1;0;0;0;0;0;0
23434425438;2;A;20220620000213;1738;1;0;0;0;0;0;0
23434445339;1;A;20220620000214;1653;1;0;0;0;0;0;0
23434726608;1;A;20220620000215;1664;1;0;0;0;0;0;0
23449835647;2;A;20220620000216;1600;6;0;0;0;0;0;0
23457249570;1;A;20220620000217;1686;10;0;0;0;0;0;0
23460217471;2;A;20220620000218;3000;1;0;0;0;0;0;0
23460448296;1;A;20220620000219;1676;1;0;0;0;0;0;0
23460462868;2;A;20220620000220;3000;1;0;0;0;0;0;0
23460481801;2;A;20220620000221;3000;1;0;0;0;0;0;0
23460744451;2;A;20220620000222;3000;1;0;0;0;0;0;0
23461210179;2;A;20220620000223;3000;1;0;0;0;0;0;0
23461463688;2;A;20220620000224;3000;1;0;0;0;0;0;0
23461484690;2;A;20220620000225;3000;1;0;0;0;0;0;0
23461747250;2;A;20220620000226;3000;1;0;0;0;0;0;0
23462210213;2;A;20220620000227;3000;1;0;0;0;0;0;0
23462463700;2;A;20220620000228;3000;1;0;0;0;0;0;0
23462484742;2;A;20220620000229;3000;1;0;0;0;0;0;0
23462747330;2;A;20220620000230;3000;1;0;0;0;0;0;0
23463210270;2;A;20220620000231;3000;1;0;0;0;0;0;0
23463463784;2;A;20220620000232;3000;1;0;0;0;0;0;0
23463484807;2;A;20220620000233;3000;1;0;0;0;0;0;0
23463747348;2;A;20220620000234;3000;1;0;0;0;0;0;0
23463876036;2;A;20220620000235;1715;1;0;0;0;0;0;0
23464210303;2;A;20220620000236;3000;1;0;0;0;0;0;0
23464463833;2;A;20220620000237;3000;1;0;0;0;0;0;0
23464484874;2;A;20220620000238;3000;1;0;0;0;0;0;0
23464747431;2;A;20220620000239;3000;1;0;0;0;0;0;0
23467271734;2;A;20220620000240;1750;1;0;0;0;0;0;0
23467317628;1;A;20220620000241;1670;1;0;0;0;0;0;0
23467326923;1;A;20220620000242;1655;30;0;0;0;0;0;0
23467335765;2;A;20220620000243;1800;1;0;0;0;0;0;0
23467346129;1;A;20220620000244;1660;1;0;0;0;0;0;0
23467354302;1;A;20220620000245;1665;1;0;0;0;0;0;0
23467367151;2;A;20220620000246;0;2;0;0;0;0;0;0
23467375475;2;A;20220620000247;1878;1;0;0;0;0;0;0
23467385381;2;A;20220620000248;0;10;0;0;0;0;0;0
23467395000;1;A;20220620000249;1678;66;0;0;0;0;0;0
23467404011;1;A;20220620000250;0;6;0;0;0;0;0;0
23467412006;2;A;20220620000251;1699;9;0;0;0;0;0;0
23468223998;2;A;20220620000252;1708;1;0;0;0;0;0;0
23468232204;2;A;20220620000253;1805;1;0;0;0;0;0;0
23468241717;1;A;20220620000254;1620;25;0;0;0;0;0;0
23468251779;1;A;20220620000255;0;2;0;0;0;0;0;0
23468269535;1;A;20220620000256;1640;25;0;0;0;0;0;0
23468279695;2;A;20220620000257;1760;1;0;0;0;0;0;0
23468307170;2;A;20220620000260;0;1;0;0;0;0;0;0
23468320281;2;A;20220620000261;0;1;0;0;0;0;0;0
23468328829;1;A;20220620000262;1670;1;0;0;0;0;0;0
23468348556;1;A;20220620000264;1670;1;0;0;0;0;0;0
23468358123;2;A;20220620000265;1723;1;0;0;0;0;0;0
23468374326;2;A;20220620000267;1730;1;0;0;0;0;0;0
23468385090;1;A;20220620000268;1668;1;0;0;0;0;0;0
23468394016;1;A;20220620000269;0;2;0;0;0;0;0;0
23468403689;1;A;20220620000270;0;1;0;0;0;0;0;0
23468414977;2;A;20220620000271;1738;1;0;0;0;0;0;0
23469232360;1;A;20220620000272;1636;5;0;0;0;0;0;0
23469240558;2;A;20220620000273;1675;1;0;0;0;0;0;0
23469249333;1;A;20220620000274;1671;1;0;0;0;0;0;0
23469259405;1;A;20220620000275;1645;1;0;0;0;0;0;0
23469271199;2;A;20220620000276;0;1;0;0;0;0;0;0
23469281236;1;A;20220620000277;0;1;0;0;0;0;0;0
23469291003;1;A;20220620000278;0;4;0;0;0;0;0;0
23469300085;1;A;20220620000279;0;13;0;0;0;0;0;0
23469308552;2;A;20220620000280;1702;50;0;0;0;0;0;0
23469317966;1;A;20220620000281;1660;1;0;0;0;0;0;0
23469326329;1;A;20220620000282;0;25;0;0;0;0;0;0
23469334073;2;A;20220620000283;1733;1;0;0;0;0;0;0
23469350013;2;A;20220620000284;1788;1;0;0;0;0;0;0
23469357349;1;A;20220620000285;1680;1;0;0;0;0;0;0
23469373642;1;A;20220620000286;1666;10;0;0;0;0;0;0
23469377294;1;A;20220620000287;1775;3;0;0;0;0;0;0
23469390607;1;A;20220620000288;1675;1;0;0;0;0;0;0
23469399371;1;A;20220620000289;0;4;0;0;0;0;0;0
23469409531;2;A;20220620000290;0;1;0;0;0;0;0;0
23469419294;2;A;20220620000291;0;1;0;0;0;0;0;0
23470240548;1;A;20220620000292;1679;1;0;0;0;0;0;0
23470920939;1;A;20220620000293;1678;1;0;0;0;0;0;0
23473281530;1;A;20220620000294;1685;2;0;0;0;0;0;0
23473311143;1;A;20220620000295;1685;2;0;0;0;0;0;0
23479016820;2;A;20220620000296;1694;1;0;0;0;0;0;0
23483148287;1;A;20220620000297;1657;1;0;0;0;0;0;0
23500018560;2;A;20220620000298;1688;1;0;0;0;0;0;0
23500350071;1;A;20220620000299;1678;2;0;0;0;0;0;0
23521867704;2;A;20220620000300;1700;1;0;0;0;0;0;0
23529994417;1;A;20220620000301;1690;1;0;0;0;0;0;0
23533200938;2;A;20220620000302;1770;10;0;0;0;0;0;0
23540352558;2;A;20220620000303;1690;1;0;0;0;0;0;0
23543660356;1;A;20220620000304;1681;1;0;0;0;0;0;0
23545176219;2;A;20220620000305;1702;1;0;0;0;0;0;0
23550821101;2;A;20220620000306;1780;10;0;0;0;0;0;0
23553270197;2;A;20220620000307;1678;5;0;0;0;0;0;0
23558025793;2;A;20220620000308;0;5;0;0;0;0;0;0
23562446505;1;A;20220620000309;1682;10;0;0;0;0;0;0
23562480838;2;A;20220620000310;1690;10;0;0;0;0;0;0
23562530874;1;A;20220620000311;1652;10;0;0;0;0;0;0
23562535722;2;A;20220620000312;1720;10;0;0;0;0;0;0
23565040843;1;A;20220620000313;1668;1;0;0;0;0;0;0
23567674892;2;A;20220620000314;1686;1;0;0;0;0;0;0
23573722335;1;A;20220620000315;0;7;0;0;0;0;0;0
23574979393;2;A;20220620000316;1790;10;0;0;0;0;0;0
23578313145;2;A;20220620000317;1696;1;0;0;0;0;0;0
23580438822;2;A;20220620000318;1698;1;0;0;0;0;0;0
23603411342;2;A;20220620000319;1687;2;0;0;0;0;0;0
23607886966;1;A;20220620000320;1666;2;0;0;0;0;0;0
23610877006;1;A;20220620000321;1678;17;0;0;0;0;0;0
23613222231;1;A;20220620000322;1645;1;0;0;0;0;0;0
23629694637;2;A;20220620000323;1702;15;0;0;0;0;0;0
23643442873;1;A;20220620000324;1683;10;0;0;0;0;0;0
23643445032;2;A;20220620000325;1691;10;0;0;0;0;0;0
23643566780;1;A;20220620000326;1653;10;0;0;0;0;0;0
23643568222;2;A;20220620000327;1721;10;0;0;0;0;0;0
23644275697;1;A;20220620000328;1650;10;0;0;0;0;0;0
23646828259;2;A;20220620000329;1760;1;0;0;0;0;0;0
23648894086;2;A;20220620000330;1700;1;0;0;0;0;0;0
23651400079;2;A;20220620000331;1702;1;0;0;0;0;0;0
23657954809;1;A;20220620000332;0;10;0;0;0;0;0;0
23660019710;1;A;20220620000333;1684;10;0;0;0;0;0;0
23660021699;2;A;20220620000334;1692;10;0;0;0;0;0;0
23660110027;1;A;20220620000335;1654;10;0;0;0;0;0;0
23660111814;2;A;20220620000336;1722;10;0;0;0;0;0;0
23667813314;2;A;20220620000337;1700;1;0;0;0;0;0;0
23682149528;2;A;20220620000338;1694;1;0;0;0;0;0;0
23686542999;2;A;20220620000339;0;55;0;0;0;0;0;0
23688612134;1;A;20220620000340;1680;10;0;0;0;0;0;0
23688615288;2;A;20220620000341;1688;10;0;0;0;0;0;0
23688715299;1;A;20220620000342;1650;10;0;0;0;0;0;0
23688716825;2;A;20220620000343;1718;10;0;0;0;0;0;0
23690612460;1;A;20220620000344;1678;10;0;0;0;0;0;0
23690614576;2;A;20220620000345;1686;10;0;0;0;0;0;0
23690704183;1;A;20220620000346;1648;10;0;0;0;0;0;0
23690722909;2;A;20220620000347;1716;10;0;0;0;0;0;0
23697746948;2;A;20220620000348;1690;1;0;0;0;0;0;0
23708987855;1;A;20220620000349;0;50;0;0;0;0;0;0
23711040070;1;A;20220620000350;1682;10;0;0;0;0;0;0
23711042594;2;A;20220620000351;1690;10;0;0;0;0;0;0
23711151877;1;A;20220620000352;1652;10;0;0;0;0;0;0
23711153454;2;A;20220620000353;1720;10;0;0;0;0;0;0
23712132164;2;A;20220620000354;0;1;0;0;0;0;0;0
23713043664;1;A;20220620000355;1684;10;0;0;0;0;0;0
23713045388;2;A;20220620000356;1692;10;0;0;0;0;0;0
23713152212;1;A;20220620000357;1654;10;0;0;0;0;0;0
23713155372;2;A;20220620000358;1722;10;0;0;0;0;0;0
23714307105;1;A;20220620000359;0;1;0;0;0;0;0;0
23719912411;1;A;20220620000360;1680;1;0;0;0;0;0;0
23720250455;1;A;20220620000361;1648;15;0;0;0;0;0;0
23720797154;2;A;20220620000362;1687;1;0;0;0;0;0;0
23721761355;1;A;20220620000363;1689;20;0;0;0;0;0;0
23721855049;1;A;20220620000364;1685;10;0;0;0;0;0;0
23721858132;2;A;20220620000365;1693;10;0;0;0;0;0;0
23721943823;1;A;20220620000366;1655;10;0;0;0;0;0;0
23721946579;2;A;20220620000367;1723;10;0;0;0;0;0;0
23725095474;1;A;20220620000368;0;1;0;0;0;0;0;0
23729471104;2;A;20220620000369;1699;5;0;0;0;0;0;0
23731294423;1;A;20220620000370;1690;3;0;0;0;0;0;0
23741603731;1;A;20220620000371;1682;10;0;0;0;0;0;0
23741606980;2;A;20220620000372;1690;10;0;0;0;0;0;0
23741709670;1;A;20220620000373;1652;10;0;0;0;0;0;0
23741711177;2;A;20220620000374;1720;10;0;0;0;0;0;0
23742536747;1;A;20220620000375;0;18;0;0;0;0;0;0
23743126127;2;A;20220620000376;1689;4;0;0;0;0;0;0
23743607994;1;A;20220620000377;1683;10;0;0;0;0;0;0
23743610134;2;A;20220620000378;1691;10;0;0;0;0;0;0
23743710772;1;A;20220620000379;1653;10;0;0;0;0;0;0
23743712606;2;A;20220620000380;1721;10;0;0;0;0;0;0
23749091548;1;A;20220620000381;1674;1;0;0;0;0;0;0
23759292032;2;A;20220620000382;1693;2;0;0;0;0;0;0
23769817254;2;A;20220620000383;1696;1;0;0;0;0;0;0
23789970475;1;A;20220620000384;0;1;0;0;0;0;0;0
23795262391;1;A;20220620000385;1670;3;0;0;0;0;0;0
23798380294;1;A;20220620000386;1691;2;0;0;0;0;0;0
23803360889;2;A;20220620000387;1699;1;0;0;0;0;0;0
23809298067;2;A;20220620000388;1684;4;0;0;0;0;0;0
23810315550;2;A;20220620000389;1678;4;0;0;0;0;0;0
23810436008;1;A;20220620000390;1682;10;0;0;0;0;0;0
23810438859;2;A;20220620000391;1690;10;0;0;0;0;0;0
23810532315;1;A;20220620000392;1652;10;0;0;0;0;0;0
23810547542;2;A;20220620000393;1720;10;0;0;0;0;0;0
23811251466;1;A;20220620000394;1668;2;0;0;0;0;0;0
23820773750;2;A;20220620000395;1710;3;0;0;0;0;0;0
23821639957;1;A;20220620000396;1670;4;0;0;0;0;0;0
23830551055;2;A;20220620000397;0;2;0;0;0;0;0;0
23834088308;2;A;20220620000398;1690;1;0;0;0;0;0;0
23834328380;1;A;20220620000399;1664;2;0;0;0;0;0;0
23839663897;2;A;20220620000400;1686;4;0;0;0;0;0;0
23854186158;1;A;20220620000401;1662;2;0;0;0;0;0;0
23864940906;1;A;20220620000402;0;1;0;0;0;0;0;0
23868003487;1;A;20220620000403;1674;1;0;0;0;0;0;0
23869343916;2;A;20220620000404;1686;2;0;0;0;0;0;0
23870050833;2;A;20220620000405;1679;1;0;0;0;0;0;0
23870684663;2;A;20220620000406;1715;2;0;0;0;0;0;0
23871188481;1;A;20220620000407;1690;1;0;0;0;0;0;0
23874999382;1;A;20220620000408;1679;2;0;0;0;0;0;0
23881682352;2;A;20220620000409;1692;1;0;0;0;0;0;0
23886744172;2;A;20220620000410;1684;1;0;0;0;0;0;0
23889437746;1;A;20220620000411;1692;2;0;0;0;0;0;0
23891293596;2;A;20220620000412;1710;1;0;0;0;0;0;0
23898188385;2;A;20220620000414;1692;2;0;0;0;0;0;0
23898682248;1;A;20220620000415;1680;1;0;0;0;0;0;0
23902631934;1;A;20220620000416;1625;5;0;0;0;0;0;0
23920008982;2;A;20220620000417;1693;1;0;0;0;0;0;0
23920337649;2;A;20220620000418;1720;3;0;0;0;0;0;0
23920834598;2;A;20220620000419;1685;1;0;0;0;0;0;0
23929725122;1;A;20220620000420;1680;2;0;0;0;0;0;0
23931973445;1;A;20220620000421;1666;2;0;0;0;0;0;0
23939007698;1;A;20220620000422;1700;3;0;0;0;0;0;0
23944566105;1;A;20220620000423;1681;1;0;0;0;0;0;0
23946626395;1;A;20220620000424;1662;1;0;0;0;0;0;0
23949257528;2;A;20220620000425;1702;1;0;0;0;0;0;0
23950572493;1;A;20220620000426;1661;1;0;0;0;0;0;0
23959316738;1;A;20220620000427;0;3;0;0;0;0;0;0
23961165021;1;A;20220620000428;0;2;0;0;0;0;0;0
23969865190;1;A;20220620000429;0;1;0;0;0;0;0;0
23970746361;2;A;20220620000430;1689;1;0;0;0;0;0;0
23974342860;1;A;20220620000431;0;7;0;0;0;0;0;0
23976391690;1;A;20220620000432;1683;10;0;0;0;0;0;0
23976394980;2;A;20220620000433;1691;10;0;0;0;0;0;0
23976470402;1;A;20220620000434;1653;10;0;0;0;0;0;0
23976490241;2;A;20220620000435;1721;10;0;0;0;0;0;0
23978883259;1;A;20220620000437;1692;50;0;0;0;0;0;0
23980390840;1;A;20220620000438;1686;10;0;0;0;0;0;0
23980392538;2;A;20220620000439;1694;10;0;0;0;0;0;0
23980499713;1;A;20220620000440;1656;10;0;0;0;0;0;0
23980501882;2;A;20220620000441;1724;10;0;0;0;0;0;0
23982254915;1;A;20220620000442;1680;10;0;0;0;0;0;0
23982393031;1;A;20220620000443;1687;10;0;0;0;0;0;0
23982395925;2;A;20220620000444;1695;10;0;0;0;0;0;0
23982499659;1;A;20220620000445;1657;10;0;0;0;0;0;0
23982503877;2;A;20220620000446;1725;10;0;0;0;0;0;0
23982792015;2;A;20220620000447;1690;1;0;0;0;0;0;0
23983351643;1;A;20220620000448;1681;1;0;0;0;0;0;0
23984226439;1;A;20220620000449;1681;1;0;0;0;0;0;0
23984243432;2;A;20220620000450;1727;51;0;0;0;0;0;0
23984383097;1;A;20220620000451;1686;10;0;0;0;0;0;0
23984386023;2;A;20220620000452;1694;10;0;0;0;0;0;0
23984488145;1;A;20220620000453;1656;10;0;0;0;0;0;0
23984491604;2;A;20220620000454;1724;10;0;0;0;0;0;0
23986341463;1;A;20220620000455;1680;1;0;0;0;0;0;0
23992810474;2;A;20220620000456;1720;1;0;0;0;0;0;0
23996047202;1;A;20220620000457;1680;5;0;0;0;0;0;0
23996820752;2;A;20220620000458;1691;1;0;0;0;0;0;0
23999282374;1;A;20220620000459;1681;1;0;0;0;0;0;0
24002978900;1;A;20220620000460;1674;2;0;0;0;0;0;0
24003282125;2;A;20220620000461;1692;20;0;0;0;0;0;0
24004733084;1;A;20220620000462;1691;50;0;0;0;0;0;0
24004943667;1;A;20220620000463;1687;10;0;0;0;0;0;0
24004949588;2;A;20220620000464;1695;10;0;0;0;0;0;0
24005225718;1;A;20220620000465;1657;10;0;0;0;0;0;0
24005280236;2;A;20220620000466;1725;10;0;0;0;0;0;0
24007240116;1;A;20220620000467;1691;1;0;0;0;0;0;0
24016188075;1;A;20220620000468;1672;3;0;0;0;0;0;0
24016309731;1;A;20220620000469;1680;1;0;0;0;0;0;0
24016509712;1;A;20220620000470;1685;1;0;0;0;0;0;0
24020011411;2;A;20220620000471;1690;33;0;0;0;0;0;0
24025867997;1;A;20220620000472;1670;2;0;0;0;0;0;0
24026298681;1;A;20220620000473;1670;1;0;0;0;0;0;0
24027219569;2;A;20220620000474;1690;4;0;0;0;0;0;0
24032165090;1;A;20220620000475;1690;50;0;0;0;0;0;0
24035945489;1;A;20220620000476;1668;2;0;0;0;0;0;0
24037683689;2;A;20220620000477;1691;2;0;0;0;0;0;0
24042931998;2;A;20220620000478;1697;2;0;0;0;0;0;0
24045990350;1;A;20220620000479;1686;10;0;0;0;0;0;0
24045993209;2;A;20220620000480;1694;10;0;0;0;0;0;0
24046082631;1;A;20220620000481;1656;10;0;0;0;0;0;0
24046084182;2;A;20220620000482;1724;10;0;0;0;0;0;0
24046259174;1;A;20220620000483;1666;2;0;0;0;0;0;0
24048801184;2;A;20220620000484;1687;2;0;0;0;0;0;0
24050917367;2;A;20220620000485;1693;1;0;0;0;0;0;0
24055440674;1;A;20220620000486;1664;2;0;0;0;0;0;0
24059739845;2;A;20220620000487;1999;1;0;0;0;0;0;0
24061796798;2;A;20220620000488;1685;4;0;0;0;0;0;0
24066389474;1;A;20220620000489;1690;3;0;0;0;0;0;0
24067875712;1;A;20220620000490;1662;3;0;0;0;0;0;0
24068897926;1;A;20220620000491;1688;7;0;0;0;0;0;0
24070109667;1;A;20220620000492;1689;50;0;0;0;0;0;0
24072999732;2;A;20220620000493;1690;1;0;0;0;0;0;0
24075000252;1;A;20220620000494;1676;1;0;0;0;0;0;0
24077024233;1;A;20220620000495;1660;2;0;0;0;0;0;0
24081517380;2;A;20220620000496;1700;1;0;0;0;0;0;0
24081671691;1;A;20220620000497;0;2;0;0;0;0;0;0
24088158119;1;A;20220620000498;1658;2;0;0;0;0;0;0
24091092792;1;A;20220620000499;1665;1;0;0;0;0;0;0
24092315520;1;A;20220620000500;1693;1;0;0;0;0;0;0
24093097232;1;A;20220620000501;1520;2;0;0;0;0;0;0
24096666890;2;A;20220620000502;1704;1;0;0;0;0;0;0
24097125694;2;A;20220620000503;1702;1;0;0;0;0;0;0
24097306595;1;A;20220620000504;1654;5;0;0;0;0;0;0
24098491977;1;A;20220620000505;1685;8;0;0;0;0;0;0
24103055812;1;A;20220620000506;1688;50;0;0;0;0;0;0
24104085833;1;A;20220620000507;1690;4;0;0;0;0;0;0
24107578963;1;A;20220620000508;1684;4;0;0;0;0;0;0
24111082525;2;A;20220620000509;1685;1;0;0;0;0;0;0
24111110139;2;A;20220620000510;1705;2;0;0;0;0;0;0
24115250255;1;A;20220620000511;1700;5;0;0;0;0;0;0
24117087788;2;A;20220620000512;1720;1;0;0;0;0;0;0
24118995792;1;A;20220620000513;1690;1;0;0;0;0;0;0
24119987666;1;A;20220620000514;1690;1;0;0;0;0;0;0
24123979169;1;A;20220620000515;1689;2;0;0;0;0;0;0
24124606507;2;A;20220620000516;0;2;0;0;0;0;0;0
24127288233;2;A;20220620000517;1707;2;0;0;0;0;0;0
24127733494;2;A;20220620000518;1690;1;0;0;0;0;0;0
24132081544;1;A;20220620000519;1681;1;0;0;0;0;0;0
24135195955;2;A;20220620000520;0;1;0;0;0;0;0;0
24138210453;2;A;20220620000521;1693;1;0;0;0;0;0;0
24139669906;2;A;20220620000522;1695;1;0;0;0;0;0;0
24140424383;1;A;20220620000523;1694;5;0;0;0;0;0;0
24142540623;2;A;20220620000524;1708;1;0;0;0;0;0;0
24142556157;2;A;20220620000525;1705;1;0;0;0;0;0;0
24145067288;2;A;20220620000526;1690;1;0;0;0;0;0;0
24145152646;2;A;20220620000527;1705;1;0;0;0;0;0;0
24148382495;1;A;20220620000528;1684;2;0;0;0;0;0;0
24148461551;1;A;20220620000529;1690;2;0;0;0;0;0;0
24149121212;2;A;20220620000530;1695;1;0;0;0;0;0;0
24151204207;1;A;20220620000531;1682;6;0;0;0;0;0;0
24154076249;2;A;20220620000532;1692;2;0;0;0;0;0;0
24160863129;1;A;20220620000533;1680;8;0;0;0;0;0;0
24162329776;1;A;20220620000534;0;1;0;0;0;0;0;0
24163216964;2;A;20220620000535;1705;1;0;0;0;0;0;0
24163646980;1;A;20220620000536;1687;8;0;0;0;0;0;0
24164374047;2;A;20220620000537;1695;1;0;0;0;0;0;0
24167277952;1;A;20220620000538;1600;1;0;0;0;0;0;0
24167694458;1;A;20220620000539;1687;2;0;0;0;0;0;0
24171254972;2;A;20220620000540;1695;1;0;0;0;0;0;0
24171674510;1;A;20220620000541;1689;2;0;0;0;0;0;0
24171823440;2;A;20220620000542;0;2;0;0;0;0;0;0
24177549299;2;A;20220620000543;1697;1;0;0;0;0;0;0
24178325630;2;A;20220620000544;0;2;0;0;0;0;0;0
24179643538;2;A;20220620000545;1699;5;0;0;0;0;0;0
24181312743;1;A;20220620000546;1686;1;0;0;0;0;0;0
24183686083;2;A;20220620000547;1693;2;0;0;0;0;0;0
24190387613;2;A;20220620000548;1695;1;0;0;0;0;0;0
24191231614;2;A;20220620000549;1691;1;0;0;0;0;0;0
24192675789;1;A;20220620000550;1689;1;0;0;0;0;0;0
24193164113;2;A;20220620000551;1697;2;0;0;0;0;0;0
24196898664;2;A;20220620000552;1692;1;0;0;0;0;0;0
24198714984;2;A;20220620000553;1692;1;0;0;0;0;0;0
24199184774;2;A;20220620000554;1699;10;0;0;0;0;0;0
24199763422;2;A;20220620000555;1690;1;0;0;0;0;0;0
24200804925;2;A;20220620000556;1694;2;0;0;0;0;0;0
24202308065;2;A;20220620000557;1698;1;0;0;0;0;0;0
24203098898;2;A;20220620000558;1705;1;0;0;0;0;0;0
24203341917;1;A;20220620000559;1686;1;0;0;0;0;0;0
24206151694;1;A;20220620000560;1699;1;0;0;0;0;0;0
24206534319;2;A;20220620000561;1702;1;0;0;0;0;0;0
24207285782;2;A;20220620000562;1698;1;0;0;0;0;0;0
24207611356;2;A;20220620000563;0;5;0;0;0;0;0;0
24207646191;2;A;20220620000564;0;1;0;0;0;0;0;0
24207810287;1;A;20220620000565;0;1;0;0;0;0;0;0
24209308318;2;A;20220620000566;1695;9;0;0;0;0;0;0
24211933278;2;A;20220620000567;1693;1;0;0;0;0;0;0
24213258642;2;A;20220620000568;1700;1;0;0;0;0;0;0
24213601509;1;A;20220620000569;1690;1;0;0;0;0;0;0
24214049947;2;A;20220620000570;0;1;0;0;0;0;0;0
24215140103;1;A;20220620000571;0;2;0;0;0;0;0;0
24216415524;2;A;20220620000574;1694;5;0;0;0;0;0;0
24221295350;2;A;20220620000575;1697;1;0;0;0;0;0;0
24222516400;2;A;20220620000576;1708;1;0;0;0;0;0;0
24222992516;2;A;20220620000577;1690;3;0;0;0;0;0;0
24223635661;1;A;20220620000578;1691;2;0;0;0;0;0;0
24223695118;1;A;20220620000579;1687;1;0;0;0;0;0;0
24224679036;2;A;20220620000580;1695;1;0;0;0;0;0;0
24225861956;1;A;20220620000581;1675;1;0;0;0;0;0;0
24226663225;2;A;20220620000582;1691;1;0;0;0;0;0;0
24226913976;1;A;20220620000583;1691;10;0;0;0;0;0;0
24226989019;1;A;20220620000584;1687;10;0;0;0;0;0;0
24226991886;2;A;20220620000585;1695;10;0;0;0;0;0;0
24227085847;1;A;20220620000586;1657;10;0;0;0;0;0;0
24227087814;2;A;20220620000587;1725;10;0;0;0;0;0;0
24227791019;2;A;20220620000588;1691;1;0;0;0;0;0;0
24227870212;1;A;20220620000589;1687;50;0;0;0;0;0;0
24228378560;1;A;20220620000590;1653;1;0;0;0;0;0;0
24228832465;1;A;20220620000591;1666;1;0;0;0;0;0;0
24229183609;2;A;20220620000592;1694;1;0;0;0;0;0;0
24229535096;2;A;20220620000593;0;1;0;0;0;0;0;0
24232014878;2;A;20220620000594;1696;1;0;0;0;0;0;0
24234232903;1;A;20220620000595;1691;5;0;0;0;0;0;0
24236516273;1;A;20220620000596;1691;1;0;0;0;0;0;0
24237376700;2;A;20220620000597;1698;2;0;0;0;0;0;0
24240963934;2;A;20220620000598;1689;20;0;0;0;0;0;0
24240983559;1;A;20220620000599;1692;2;0;0;0;0;0;0
24241074012;1;A;20220620000600;1686;10;0;0;0;0;0;0
24241076951;2;A;20220620000601;1694;10;0;0;0;0;0;0
24241175900;1;A;20220620000602;1656;10;0;0;0;0;0;0
24241177960;2;A;20220620000603;1724;10;0;0;0;0;0;0
24241323566;2;A;20220620000604;1699;1;0;0;0;0;0;0
24241589271;2;A;20220620000605;1744;20;0;0;0;0;0;0
24241589467;2;A;20220620000606;1750;20;0;0;0;0;0;0
24241590009;2;A;20220620000607;1756;20;0;0;0;0;0;0
24241590584;2;A;20220620000608;1762;20;0;0;0;0;0;0
24241591280;2;A;20220620000609;1767;20;0;0;0;0;0;0
24241595141;2;A;20220620000610;1774;73;0;0;0;0;0;0
24241595771;2;A;20220620000611;1707;10;0;0;0;0;0;0
24241596168;2;A;20220620000612;1713;10;0;0;0;0;0;0
24241601136;2;A;20220620000613;1714;10;0;0;0;0;0;0
24241601713;2;A;20220620000614;1725;10;0;0;0;0;0;0
24241615140;2;A;20220620000615;1726;10;0;0;0;0;0;0
24241774096;2;A;20220620000616;1770;20;0;0;0;0;0;0
24241816617;2;A;20220620000617;1787;20;0;0;0;0;0;0
24241824647;2;A;20220620000618;1774;107;0;0;0;0;0;0
24241835804;2;A;20220620000619;1776;20;0;0;0;0;0;0
24241841248;2;A;20220620000620;1764;20;0;0;0;0;0;0
24241850589;2;A;20220620000621;1782;20;0;0;0;0;0;0
24243672165;2;A;20220620000622;1688;10;0;0;0;0;0;0
24244046148;2;A;20220620000623;0;2;0;0;0;0;0;0
24244568318;1;A;20220620000624;0;10;0;0;0;0;0;0
24245680367;2;A;20220620000625;1692;1;0;0;0;0;0;0
24246132305;2;A;20220620000626;0;5;0;0;0;0;0;0
24246332698;1;A;20220620000627;1688;9;0;0;0;0;0;0
24246694459;2;A;20220620000628;1696;1;0;0;0;0;0;0
24247355541;2;A;20220620000629;1689;1;0;0;0;0;0;0
24247382400;2;A;20220620000630;1689;1;0;0;0;0;0;0
24248628917;2;A;20220620000631;0;2;0;0;0;0;0;0
24249175200;1;A;20220620000632;1686;50;0;0;0;0;0;0
24252781829;2;A;20220620000633;1705;20;0;0;0;0;0;0
24253849031;2;A;20220620000634;1690;1;0;0;0;0;0;0
24254422296;2;A;20220620000635;1692;1;0;0;0;0;0;0
24255987146;1;A;20220620000636;1682;1;0;0;0;0;0;0
24256365403;1;A;20220620000637;1686;10;0;0;0;0;0;0
24256370606;2;A;20220620000638;1694;10;0;0;0;0;0;0
24256392658;1;A;20220620000639;1656;10;0;0;0;0;0;0
24256392971;2;A;20220620000640;1724;10;0;0;0;0;0;0
24257496394;1;A;20220620000641;0;1;0;0;0;0;0;0
24258076285;2;A;20220620000642;1699;16;0;0;0;0;0;0
24258338254;2;A;20220620000643;1699;1;0;0;0;0;0;0
24258449894;2;A;20220620000644;1689;3;0;0;0;0;0;0
24259882226;2;A;20220620000645;1715;1;0;0;0;0;0;0
24260187360;1;A;20220620000646;1672;1;0;0;0;0;0;0
24261270663;2;A;20220620000647;1694;1;0;0;0;0;0;0
24263280756;1;A;20220620000648;1687;10;0;0;0;0;0;0
24263283120;2;A;20220620000649;1695;10;0;0;0;0;0;0
24263370007;1;A;20220620000650;1657;10;0;0;0;0;0;0
24263382697;2;A;20220620000651;1725;10;0;0;0;0;0;0
24263395228;1;A;20220620000652;1685;2;0;0;0;0;0;0
24263408676;1;A;20220620000653;1689;2;0;0;0;0;0;0
24263436364;2;A;20220620000654;0;30;0;0;0;0;0;0
24263495902;1;A;20220620000655;1690;1;0;0;0;0;0;0
24263505556;1;A;20220620000656;1681;1;0;0;0;0;0;0
24263814082;1;A;20220620000657;1690;5;0;0;0;0;0;0
24264967001;2;A;20220620000658;1691;1;0;0;0;0;0;0
24267893398;1;A;20220620000659;1690;1;0;0;0;0;0;0
24268545539;1;A;20220620000660;1678;1;0;0;0;0;0;0
24268979288;1;A;20220620000661;1690;1;0;0;0;0;0;0
24270395365;2;A;20220620000662;1692;1;0;0;0;0;0;0
24274142430;1;A;20220620000663;1655;20;0;0;0;0;0;0
24274266541;2;A;20220620000664;1688;27;0;0;0;0;0;0
24274394870;1;A;20220620000665;1686;10;0;0;0;0;0;0
24274397094;2;A;20220620000666;1694;10;0;0;0;0;0;0
24274434311;1;A;20220620000667;1656;10;0;0;0;0;0;0
24274435823;2;A;20220620000668;1724;10;0;0;0;0;0;0
24276325000;2;A;20220620000669;1695;2;0;0;0;0;0;0
24276792793;2;A;20220620000670;0;1;0;0;0;0;0;0
24277808637;1;A;20220620000671;1689;1;0;0;0;0;0;0
24277944087;2;A;20220620000672;0;4;0;0;0;0;0;0
24278182463;1;A;20220620000673;1686;1;0;0;0;0;0;0
24278482712;2;A;20220620000674;1691;10;0;0;0;0;0;0
24279626082;1;A;20220620000675;1693;1;0;0;0;0;0;0
24280702827;1;A;20220620000676;1691;5;0;0;0;0;0;0
24281077805;2;A;20220620000677;1695;20;0;0;0;0;0;0
24281242232;1;A;20220620000678;1680;1;0;0;0;0;0;0
24281625638;2;A;20220620000679;1695;1;0;0;0;0;0;0
24281644537;1;A;20220620000680;1686;3;0;0;0;0;0;0
24284007210;2;A;20220620000681;1696;2;0;0;0;0;0;0
24284498617;2;A;20220620000682;1693;3;0;0;0;0;0;0
24285332365;2;A;20220620000683;1701;1;0;0;0;0;0;0
24285693171;2;A;20220620000684;1698;20;0;0;0;0;0;0
24285941640;2;A;20220620000685;1691;1;0;0;0;0;0;0
24286765366;2;A;20220620000686;1710;1;0;0;0;0;0;0
24287121739;2;A;20220620000687;1700;1;0;0;0;0;0;0
24287293031;1;A;20220620000688;1678;1;0;0;0;0;0;0
24289053671;2;A;20220620000689;1693;2;0;0;0;0;0;0
24289946070;1;A;20220620000690;0;10;0;0;0;0;0;0
24291482985;1;A;20220620000691;1682;1;0;0;0;0;0;0
24291991139;1;A;20220620000692;1687;10;0;0;0;0;0;0
24291992753;2;A;20220620000693;1695;10;0;0;0;0;0;0
24292016520;1;A;20220620000694;1657;10;0;0;0;0;0;0
24292018096;2;A;20220620000695;1725;10;0;0;0;0;0;0
24292045414;2;A;20220620000696;0;8;0;0;0;0;0;0
24292267338;2;A;20220620000697;1679;2;0;0;0;0;0;0
24293024527;2;A;20220620000698;0;10;0;0;0;0;0;0
24293143951;1;A;20220620000699;1691;1;0;0;0;0;0;0
24293147576;1;A;20220620000700;0;1;0;0;0;0;0;0
24293153865;2;A;20220620000701;0;10;0;0;0;0;0;0
24293543128;1;A;20220620000702;1689;5;0;0;0;0;0;0
24294196798;2;A;20220620000703;1687;1;0;0;0;0;0;0
24294511865;1;A;20220620000704;0;2;0;0;0;0;0;0
24296286374;2;A;20220620000705;1688;21;0;0;0;0;0;0
24296563339;2;A;20220620000706;0;1;0;0;0;0;0;0
24296799182;2;A;20220620000707;1695;1;0;0;0;0;0;0
24297999800;1;A;20220620000708;1686;10;0;0;0;0;0;0
24298001481;2;A;20220620000709;1694;10;0;0;0;0;0;0
24298023166;1;A;20220620000710;1656;10;0;0;0;0;0;0
24298039603;2;A;20220620000711;1724;10;0;0;0;0;0;0
24299331170;2;A;20220620000712;1693;1;0;0;0;0;0;0
24299571252;2;A;20220620000713;1690;10;0;0;0;0;0;0
24299837037;2;A;20220620000714;1691;1;0;0;0;0;0;0
24299845912;2;A;20220620000715;1690;1;0;0;0;0;0;0
24300013918;1;A;20220620000716;1686;7;0;0;0;0;0;0
24300052606;2;A;20220620000717;1694;7;0;0;0;0;0;0
24300100864;2;A;20220620000718;1691;1;0;0;0;0;0;0
24300195244;1;A;20220620000719;1684;10;0;0;0;0;0;0
24300196782;2;A;20220620000720;1693;10;0;0;0;0;0;0
24300241140;1;A;20220620000721;1690;2;0;0;0;0;0;0
24300251717;1;A;20220620000722;1690;2;0;0;0;0;0;0
24300517726;1;A;20220620000723;1675;20;0;0;0;0;0;0
24300519085;1;A;20220620000724;1675;20;0;0;0;0;0;0
24300520100;2;A;20220620000725;1693;20;0;0;0;0;0;0
24300815787;2;A;20220620000726;1691;6;0;0;0;0;0;0
24300898468;1;A;20220620000727;1690;1;0;0;0;0;0;0
24301702046;2;A;20220620000728;1693;1;0;0;0;0;0;0
24301718034;1;A;20220620000729;1687;7;0;0;0;0;0;0
24301719683;2;A;20220620000730;1695;7;0;0;0;0;0;0
24302926728;1;A;20220620000734;1688;1;0;0;0;0;0;0
24303068800;2;A;20220620000735;1713;3;0;0;0;0;0;0
24303096232;2;A;20220620000736;1735;1;0;0;0;0;0;0
24303678199;2;A;20220620000737;1692;1;0;0;0;0;0;0
24304267336;2;A;20220620000739;1694;5;0;0;0;0;0;0
24304515452;1;A;20220620000740;1593;1;0;0;0;0;0;0
24304580364;1;A;20220620000741;1593;1;0;0;0;0;0;0
24304581490;1;A;20220620000742;1593;1;0;0;0;0;0;0
24304685695;1;A;20220620000743;1596;1;0;0;0;0;0;0
24304687106;1;A;20220620000744;1596;1;0;0;0;0;0;0
24304800031;1;A;20220620000745;1655;1;0;0;0;0;0;0
24304879966;1;A;20220620000746;1604;1;0;0;0;0;0;0
24304890326;1;A;20220620000747;1568;1;0;0;0;0;0;0
24304891325;1;A;20220620000748;1566;1;0;0;0;0;0;0
24304894662;1;A;20220620000749;1600;1;0;0;0;0;0;0
24304901072;1;A;20220620000750;1564;1;0;0;0;0;0;0
24304902067;1;A;20220620000751;1560;1;0;0;0;0;0;0
24304924129;1;A;20220620000752;1628;1;0;0;0;0;0;0
24304925125;1;A;20220620000753;1624;1;0;0;0;0;0;0
24304949074;1;A;20220620000754;1592;1;0;0;0;0;0;0
24304950072;2;A;20220620000755;1725;1;0;0;0;0;0;0
24304951062;2;A;20220620000756;1725;1;0;0;0;0;0;0
24304993713;1;A;20220620000757;1626;1;0;0;0;0;0;0
24305097650;1;A;20220620000758;1653;1;0;0;0;0;0;0
24305175296;1;A;20220620000759;1621;1;0;0;0;0;0;0
24305221984;1;A;20220620000760;1631;1;0;0;0;0;0;0
24305244612;1;A;20220620000761;1633;1;0;0;0;0;0;0
24305245622;1;A;20220620000762;1633;1;0;0;0;0;0;0
24305246589;1;A;20220620000763;1632;1;0;0;0;0;0;0
24305247591;1;A;20220620000764;1633;1;0;0;0;0;0;0
24305267788;1;A;20220620000765;1632;1;0;0;0;0;0;0
24305289277;1;A;20220620000766;1632;1;0;0;0;0;0;0
24305394922;1;A;20220620000767;1630;1;0;0;0;0;0;0
24305395973;1;A;20220620000768;1630;1;0;0;0;0;0;0
24305423752;1;A;20220620000769;1631;1;0;0;0;0;0;0
24305424740;1;A;20220620000770;1631;1;0;0;0;0;0;0
24305546067;1;A;20220620000771;1629;1;0;0;0;0;0;0
24305547121;1;A;20220620000772;1630;1;0;0;0;0;0;0
24305643328;2;A;20220620000773;1779;1;0;0;0;0;0;0
24305708596;2;A;20220620000774;1773;1;0;0;0;0;0;0
24305730326;1;A;20220620000775;1645;1;0;0;0;0;0;0
24305741901;1;A;20220620000776;1628;1;0;0;0;0;0;0
24305742902;1;A;20220620000777;1626;1;0;0;0;0;0;0
24305763498;1;A;20220620000778;1624;1;0;0;0;0;0;0
24306217471;1;A;20220620000780;1633;1;0;0;0;0;0;0
24307963721;2;A;20220620000782;1710;10;0;0;0;0;0;0
24308599359;1;A;20220620000784;1685;50;0;0;0;0;0;0
24309106015;1;A;20220620000785;1689;1;0;0;0;0;0;0
24309276543;1;A;20220620000786;1685;1;0;0;0;0;0;0
24310340289;1;A;20220620000787;1683;1;0;0;0;0;0;0
24311230015;2;A;20220620000788;1702;20;0;0;0;0;0;0
24311246930;2;A;20220620000789;1709;20;0;0;0;0;0;0
24311272165;2;A;20220620000790;1708;20;0;0;0;0;0;0
24312874649;2;A;20220620000792;1699;1;0;0;0;0;0;0
24314533216;2;A;20220620000793;1693;2;0;0;0;0;0;0
24316060662;2;A;20220620000795;1694;5;0;0;0;0;0;0
24317625519;1;A;20220620000797;1690;2;0;0;0;0;0;0
24317784774;1;A;20220620000799;1685;10;0;0;0;0;0;0
24317784811;2;A;20220620000800;1696;10;0;0;0;0;0;0
24317788042;1;A;20220620000801;1690;4;0;0;0;0;0;0
24319680116;1;A;20220620000804;1687;10;0;0;0;0;0;0
24319682913;2;A;20220620000805;1695;10;0;0;0;0;0;0
24319728635;1;A;20220620000806;1657;10;0;0;0;0;0;0
24319737202;2;A;20220620000807;1725;10;0;0;0;0;0;0
24320260167;2;A;20220620000810;1690;4;0;0;0;0;0;0
24320261945;2;A;20220620000811;1696;10;0;0;0;0;0;0
24320263045;2;A;20220620000812;1695;10;0;0;0;0;0;0
24320329036;2;A;20220620000814;1699;3;0;0;0;0;0;0
24320441920;1;A;20220620000815;1688;4;0;0;0;0;0;0
24320458827;1;A;20220620000816;1689;2;0;0;0;0;0;0
24321252070;1;A;20220620000818;1689;2;0;0;0;0;0;0
24322476209;2;A;20220620000820;1695;1;0;0;0;0;0;0
24322613367;2;A;20220620000821;1691;2;0;0;0;0;0;0
24323445474;2;A;20220620000824;1691;20;0;0;0;0;0;0
24323507737;1;A;20220620000825;1689;3;0;0;0;0;0;0
24323681480;1;A;20220620000826;1685;10;0;0;0;0;0;0
24323684259;2;A;20220620000827;1693;10;0;0;0;0;0;0
24323735472;1;A;20220620000829;1655;10;0;0;0;0;0;0
24323781566;2;A;20220620000830;1723;10;0;0;0;0;0;0
24324100074;2;A;20220620000831;1690;6;0;0;0;0;0;0
24325064993;1;A;20220620000833;1689;1;0;0;0;0;0;0
24325641935;2;A;20220620000835;1692;10;0;0;0;0;0;0
24325688857;1;A;20220620000836;1686;10;0;0;0;0;0;0
24325691593;2;A;20220620000837;1694;10;0;0;0;0;0;0
24325727448;2;A;20220620000838;1690;5;0;0;0;0;0;0
24325744421;1;A;20220620000839;1656;10;0;0;0;0;0;0
24325745910;2;A;20220620000840;1724;10;0;0;0;0;0;0
24326297394;1;A;20220620000841;1685;1;0;0;0;0;0;0
24328684695;2;A;20220620000846;1696;1;0;0;0;0;0;0
24329200797;1;A;20220620000847;1678;10;0;0;0;0;0;0
24329548048;1;A;20220620000848;1686;1;0;0;0;0;0;0
24329565800;1;A;20220620000849;1681;1;0;0;0;0;0;0
24330167130;2;A;20220620000850;1690;1;0;0;0;0;0;0
24330808680;1;A;20220620000851;1640;29;0;0;0;0;0;0
24332872948;2;A;20220620000852;1693;3;0;0;0;0;0;0
24333591277;2;A;20220620000853;1700;1;0;0;0;0;0;0
24334260590;2;A;20220620000855;1698;1;0;0;0;0;0;0
24335045138;1;A;20220620000858;1690;2;0;0;0;0;0;0
24335184746;1;A;20220620000859;1690;1;0;0;0;0;0;0
24335284598;1;A;20220620000860;1690;1;0;0;0;0;0;0
24336067453;1;A;20220620000862;1690;5;0;0;0;0;0;0
24336652689;1;A;20220620000863;1670;3;0;0;0;0;0;0
24336749972;2;A;20220620000864;1695;2;0;0;0;0;0;0
24337011819;2;A;20220620000865;1691;2;0;0;0;0;0;0
24337236217;1;A;20220620000866;1685;1;0;0;0;0;0;0
24338056151;1;A;20220620000867;1690;3;0;0;0;0;0;0
24338060983;1;A;20220620000868;1688;1;0;0;0;0;0;0
24338998572;1;A;20220620000869;1690;2;0;0;0;0;0;0
24339000734;2;A;20220620000870;1691;2;0;0;0;0;0;0
24339000774;1;A;20220620000871;1689;2;0;0;0;0;0;0
24339006948;2;A;20220620000872;1692;2;0;0;0;0;0;0
24339008243;1;A;20220620000873;1684;2;0;0;0;0;0;0
24339009585;2;A;20220620000874;1693;2;0;0;0;0;0;0
24339016289;1;A;20220620000875;1681;2;0;0;0;0;0;0
24339017545;2;A;20220620000876;1694;2;0;0;0;0;0;0
24339018675;1;A;20220620000877;1680;2;0;0;0;0;0;0
24339019867;2;A;20220620000878;1695;2;0;0;0;0;0;0
24339020956;1;A;20220620000879;1678;2;0;0;0;0;0;0
24339022220;2;A;20220620000880;1696;2;0;0;0;0;0;0
24339029868;1;A;20220620000881;1676;2;0;0;0;0;0;0
24339030987;2;A;20220620000882;1698;2;0;0;0;0;0;0
24339041281;2;A;20220620000883;1699;2;0;0;0;0;0;0
24339045942;2;A;20220620000884;1700;2;0;0;0;0;0;0
24339048197;2;A;20220620000885;1702;2;0;0;0;0;0;0
24339053393;2;A;20220620000886;1704;2;0;0;0;0;0;0
24339054938;2;A;20220620000887;1705;2;0;0;0;0;0;0
24339101535;2;A;20220620000888;1691;2;0;0;0;0;0;0
24339105448;1;A;20220620000889;1690;1;0;0;0;0;0;0
24339114744;2;A;20220620000890;1693;1;0;0;0;0;0;0
24339309350;1;A;20220620000891;1672;1;0;0;0;0;0;0
24340170177;1;A;20220620000893;1684;1;0;0;0;0;0;0
24340261264;1;A;20220620000895;1690;2;0;0;0;0;0;0
24340263644;1;A;20220620000896;1690;2;0;0;0;0;0;0
24340459133;1;A;20220620000898;1690;1;0;0;0;0;0;0
24341304460;1;A;20220620000899;1690;2;0;0;0;0;0;0
24341494824;1;A;20220620000901;1690;2;0;0;0;0;0;0
24341941450;1;A;20220620000902;1690;1;0;0;0;0;0;0
24342276749;2;A;20220620000903;1691;2;0;0;0;0;0;0
24343302756;2;A;20220620000904;1690;9;0;0;0;0;0;0
24343305897;2;A;20220620000905;1690;2;0;0;0;0;0;0
24343697389;2;A;20220620000907;1694;10;0;0;0;0;0;0
24344458775;1;A;20220620000910;1689;1;0;0;0;0;0;0
24344915011;2;A;20220620000912;1690;5;0;0;0;0;0;0
24345832045;2;A;20220620000913;1691;2;0;0;0;0;0;0
24345834058;2;A;20220620000914;1690;2;0;0;0;0;0;0
24346537265;2;A;20220620000915;1690;20;0;0;0;0;0;0
24346579386;2;A;20220620000916;1698;1;0;0;0;0;0;0
24348519936;1;A;20220620000918;1680;10;0;0;0;0;0;0
24348838622;2;A;20220620000919;1691;3;0;0;0;0;0;0
24348902118;1;A;20220620000920;1688;1;0;0;0;0;0;0
24350486500;2;A;20220620000921;1694;12;0;0;0;0;0;0
24350490613;1;A;20220620000922;1686;12;0;0;0;0;0;0
24351397946;2;A;20220620000923;1690;2;0;0;0;0;0;0
24351480610;1;A;20220620000924;1689;1;0;0;0;0;0;0
24351528182;1;A;20220620000925;1684;4;0;0;0;0;0;0
24351529435;1;A;20220620000926;1682;4;0;0;0;0;0;0
24351529459;1;A;20220620000927;1680;4;0;0;0;0;0;0
24351531117;1;A;20220620000928;1678;4;0;0;0;0;0;0
24351532882;1;A;20220620000929;1676;4;0;0;0;0;0;0
24351534505;1;A;20220620000930;1674;4;0;0;0;0;0;0
24351534529;1;A;20220620000931;1672;4;0;0;0;0;0;0
24351536334;1;A;20220620000932;1670;4;0;0;0;0;0;0
24351536397;1;A;20220620000933;1668;4;0;0;0;0;0;0
24351536421;1;A;20220620000934;1666;4;0;0;0;0;0;0
24351536478;1;A;20220620000935;1664;4;0;0;0;0;0;0
24351538139;1;A;20220620000936;1662;4;0;0;0;0;0;0
24351539343;1;A;20220620000937;1660;4;0;0;0;0;0;0
24351540912;1;A;20220620000938;1658;4;0;0;0;0;0;0
24351540968;1;A;20220620000939;1656;4;0;0;0;0;0;0
24351542517;1;A;20220620000940;1654;4;0;0;0;0;0;0
24351545702;1;A;20220620000941;1652;4;0;0;0;0;0;0
24351547325;1;A;20220620000942;1650;4;0;0;0;0;0;0
24351547350;1;A;20220620000943;1648;4;0;0;0;0;0;0
24351549083;1;A;20220620000944;1646;4;0;0;0;0;0;0
24351549109;1;A;20220620000945;1644;4;0;0;0;0;0;0
24351549127;1;A;20220620000946;1642;4;0;0;0;0;0;0
24351550883;1;A;20220620000947;1640;4;0;0;0;0;0;0
24351552487;1;A;20220620000948;1638;4;0;0;0;0;0;0
24351554113;1;A;20220620000949;1636;4;0;0;0;0;0;0
24351554176;1;A;20220620000950;1634;4;0;0;0;0;0;0
24351558811;1;A;20220620000951;1632;4;0;0;0;0;0;0
24351560408;1;A;20220620000952;1630;4;0;0;0;0;0;0
24351560436;1;A;20220620000953;1628;4;0;0;0;0;0;0
24351562216;1;A;20220620000954;1626;4;0;0;0;0;0;0
24351562280;2;A;20220620000955;1692;4;0;0;0;0;0;0
24351562303;2;A;20220620000956;1694;4;0;0;0;0;0;0
24351564084;2;A;20220620000957;1696;4;0;0;0;0;0;0
24351564109;2;A;20220620000958;1698;4;0;0;0;0;0;0
24351564125;2;A;20220620000959;1700;4;0;0;0;0;0;0
24351568586;2;A;20220620000960;1702;4;0;0;0;0;0;0
24351570195;2;A;20220620000961;1704;4;0;0;0;0;0;0
24351570260;2;A;20220620000962;1706;4;0;0;0;0;0;0
24351571910;2;A;20220620000963;1708;4;0;0;0;0;0;0
24351571934;2;A;20220620000964;1710;4;0;0;0;0;0;0
24351573763;2;A;20220620000965;1712;4;0;0;0;0;0;0
24351573789;2;A;20220620000966;1714;4;0;0;0;0;0;0
24351573806;2;A;20220620000967;1716;4;0;0;0;0;0;0
24351575715;2;A;20220620000968;1718;4;0;0;0;0;0;0
24351575741;2;A;20220620000969;1720;4;0;0;0;0;0;0
24351577371;2;A;20220620000970;1722;4;0;0;0;0;0;0
24351578999;2;A;20220620000971;1724;4;0;0;0;0;0;0
24351579062;2;A;20220620000972;1726;4;0;0;0;0;0;0
24351580855;2;A;20220620000973;1728;4;0;0;0;0;0;0
24351580880;2;A;20220620000974;1730;4;0;0;0;0;0;0
24351580897;2;A;20220620000975;1732;4;0;0;0;0;0;0
24351582825;2;A;20220620000976;1734;4;0;0;0;0;0;0
24351584614;2;A;20220620000977;1736;4;0;0;0;0;0;0
24351584640;2;A;20220620000978;1738;4;0;0;0;0;0;0
24351586538;2;A;20220620000979;1740;4;0;0;0;0;0;0
24351586585;2;A;20220620000980;1742;4;0;0;0;0;0;0
24351586609;2;A;20220620000981;1744;4;0;0;0;0;0;0
24351586626;2;A;20220620000982;1746;4;0;0;0;0;0;0
24351588404;2;A;20220620000983;1748;4;0;0;0;0;0;0
24351590025;2;A;20220620000984;1750;4;0;0;0;0;0;0
24352229695;2;A;20220620000985;1692;10;0;0;0;0;0;0
24352773310;2;A;20220620000987;1698;10;0;0;0;0;0;0
24353449261;1;A;20220620000989;1685;10;0;0;0;0;0;0
24353452242;2;A;20220620000990;1693;10;0;0;0;0;0;0
24353499508;1;A;20220620000991;1655;10;0;0;0;0;0;0
24353500942;2;A;20220620000992;1723;10;0;0;0;0;0;0
24353529428;1;A;20220620000993;1684;1;0;0;0;0;0;0
24354901982;2;A;20220620000996;1694;10;0;0;0;0;0;0
24355063168;1;A;20220620000997;1689;2;0;0;0;0;0;0
24355728274;2;A;20220620000998;1690;1;0;0;0;0;0;0
24355943193;2;A;20220620000999;1691;3;0;0;0;0;0;0
24357358750;1;A;20220620001000;1687;5;0;0;0;0;0;0
24357902609;2;A;20220620001001;1691;1;0;0;0;0;0;0
24358678573;1;A;20220620001002;1686;2;0;0;0;0;0;0
24359215171;2;A;20220620001003;1700;1;0;0;0;0;0;0
24359677260;2;A;20220620001004;1690;2;0;0;0;0;0;0
24359719375;2;A;20220620001006;1694;1;0;0;0;0;0;0
24360074528;1;A;20220620001007;1689;2;0;0;0;0;0;0
24360076875;1;A;20220620001008;1689;2;0;0;0;0;0;0
24360148872;2;A;20220620001009;1690;10;0;0;0;0;0;0
24360261376;2;A;20220620001012;1690;2;0;0;0;0;0;0
24360263780;2;A;20220620001014;1690;2;0;0;0;0;0;0
24360271602;1;A;20220620001015;1685;12;0;0;0;0;0;0
24360272019;2;A;20220620001016;1693;12;0;0;0;0;0;0
24360596248;1;A;20220620001017;1689;2;0;0;0;0;0;0
24360696793;2;A;20220620001018;1690;6;0;0;0;0;0;0
24360946576;1;A;20220620001020;1689;5;0;0;0;0;0;0
24361281690;1;A;20220620001021;1689;2;0;0;0;0;0;0
24361285391;1;A;20220620001022;1686;12;0;0;0;0;0;0
24361285899;2;A;20220620001023;1694;12;0;0;0;0;0;0
24361345176;1;A;20220620001025;1689;2;0;0;0;0;0;0
24361349669;1;A;20220620001026;1685;12;0;0;0;0;0;0
24361350073;2;A;20220620001027;1693;12;0;0;0;0;0;0
24361394130;2;A;20220620001028;1690;1;0;0;0;0;0;0
24361460258;1;A;20220620001030;1688;2;0;0;0;0;0;0
24361461270;1;A;20220620001031;1674;2;0;0;0;0;0;0
24361489168;2;A;20220620001032;1689;4;0;0;0;0;0;0
24361490389;2;A;20220620001033;1689;2;0;0;0;0;0;0
24361491505;1;A;20220620001034;1685;7;0;0;0;0;0;0
24361493203;2;A;20220620001035;1693;7;0;0;0;0;0;0
24361500580;1;A;20220620001036;1687;2;0;0;0;0;0;0
24361534607;2;A;20220620001037;1689;2;0;0;0;0;0;0
24362282288;1;A;20220620001041;1688;2;0;0;0;0;0;0
24362325504;2;A;20220620001042;1689;2;0;0;0;0;0;0
24362511675;2;A;20220620001044;1690;3;0;0;0;0;0;0
24363433938;2;A;20220620001045;1690;5;0;0;0;0;0;0
24363536756;2;A;20220620001046;1689;1;0;0;0;0;0;0
24363564928;2;A;20220620001047;1689;2;0;0;0;0;0;0
24363590369;1;A;20220620001048;1688;1;0;0;0;0;0;0
24363856392;2;A;20220620001050;1689;2;0;0;0;0;0;0
24364273715;2;A;20220620001051;1697;1;0;0;0;0;0;0
24364285326;1;A;20220620001052;1688;2;0;0;0;0;0;0
24365773803;1;A;20220620001054;1684;10;0;0;0;0;0;0
24365775504;2;A;20220620001055;1692;10;0;0;0;0;0;0
24365822640;1;A;20220620001056;1654;10;0;0;0;0;0;0
24365824144;2;A;20220620001057;1722;10;0;0;0;0;0;0
24365990584;2;A;20220620001058;1696;1;0;0;0;0;0;0
24367778659;1;A;20220620001060;1685;10;0;0;0;0;0;0
24367781897;2;A;20220620001061;1693;10;0;0;0;0;0;0
24367812208;1;A;20220620001062;1655;10;0;0;0;0;0;0
24367818992;2;A;20220620001063;1723;10;0;0;0;0;0;0
24370140896;1;A;20220620001064;1682;3;0;0;0;0;0;0
24370143028;1;A;20220620001065;1682;2;0;0;0;0;0;0
24370153788;2;A;20220620001067;1690;3;0;0;0;0;0;0
24371774430;1;A;20220620001071;1684;10;0;0;0;0;0;0
24371776781;2;A;20220620001072;1692;10;0;0;0;0;0;0
24371801945;1;A;20220620001073;1654;10;0;0;0;0;0;0
24371825547;2;A;20220620001074;1722;10;0;0;0;0;0;0
24371925683;1;A;20220620001075;1686;1;0;0;0;0;0;0
24373715528;2;A;20220620001076;1697;1;0;0;0;0;0;0
24373718136;2;A;20220620001077;1697;2;0;0;0;0;0;0
24374959174;2;A;20220620001079;1689;2;0;0;0;0;0;0
24375757574;1;A;20220620001080;1688;1;0;0;0;0;0;0
24375777210;1;A;20220620001081;1685;10;0;0;0;0;0;0
24375779763;2;A;20220620001082;1693;10;0;0;0;0;0;0
24375810208;1;A;20220620001083;1655;10;0;0;0;0;0;0
24375838431;2;A;20220620001084;1723;10;0;0;0;0;0;0
24377075850;2;A;20220620001087;1690;10;0;0;0;0;0;0
24378731305;1;A;20220620001088;1680;1;0;0;0;0;0;0
24379188222;1;A;20220620001091;1680;1;0;0;0;0;0;0
24382019277;2;A;20220620001094;1689;5;0;0;0;0;0;0
24382057230;2;A;20220620001095;1689;2;0;0;0;0;0;0
24385149115;1;A;20220620001098;1687;1;0;0;0;0;0;0
24385690832;2;A;20220620001099;1693;1;0;0;0;0;0;0
24387169903;1;A;20220620001100;1685;1;0;0;0;0;0;0
24387534091;1;A;20220620001102;1682;1;0;0;0;0;0;0
24387602582;1;A;20220620001103;1685;1;0;0;0;0;0;0
24389730129;2;A;20220620001104;1696;1;0;0;0;0;0;0
24389872517;1;A;20220620001105;1685;1;0;0;0;0;0;0
24390568220;2;A;20220620001108;1690;2;0;0;0;0;0;0
24391019596;2;A;20220620001109;1690;1;0;0;0;0;0;0
24393242174;2;A;20220620001110;1689;1;0;0;0;0;0;0
24393243361;2;A;20220620001111;1689;2;0;0;0;0;0;0
24393510195;1;A;20220620001113;1679;2;0;0;0;0;0;0
24393528655;2;A;20220620001114;1706;1;0;0;0;0;0;0
24394471605;1;A;20220620001115;1682;1;0;0;0;0;0;0
24396307806;1;A;20220620001117;1689;1;0;0;0;0;0;0
24396308910;1;A;20220620001118;1689;2;0;0;0;0;0;0
24396309853;2;A;20220620001119;1690;2;0;0;0;0;0;0
24396368767;1;A;20220620001120;1689;2;0;0;0;0;0;0
24396480482;1;A;20220620001121;1670;1;0;0;0;0;0;0
24396614651;2;A;20220620001122;1696;1;0;0;0;0;0;0
24396915964;1;A;20220620001123;1685;2;0;0;0;0;0;0
24399732065;2;A;20220620001124;1690;1;0;0;0;0;0;0
24400069143;1;A;20220620001125;1689;2;0;0;0;0;0;0
24400166482;2;A;20220620001126;1697;6;0;0;0;0;0;0
24400322748;2;A;20220620001129;1689;2;0;0;0;0;0;0
24400326584;2;A;20220620001130;1689;2;0;0;0;0;0;0
24400693860;1;A;20220620001132;1688;3;0;0;0;0;0;0
24401857959;1;A;20220620001133;1680;2;0;0;0;0;0;0
24402352805;1;A;20220620001135;1686;10;0;0;0;0;0;0
24402355928;2;A;20220620001136;1694;10;0;0;0;0;0;0
24402400918;1;A;20220620001137;1656;10;0;0;0;0;0;0
24402408187;2;A;20220620001138;1724;10;0;0;0;0;0;0
24402994523;1;A;20220620001140;1689;3;0;0;0;0;0;0
24402995635;1;A;20220620001141;1689;2;0;0;0;0;0;0
24403086970;1;A;20220620001142;1689;4;0;0;0;0;0;0
24404552637;1;A;20220620001143;1689;2;0;0;0;0;0;0
24405074172;1;A;20220620001144;1689;2;0;0;0;0;0;0
24405084621;2;A;20220620001145;1691;1;0;0;0;0;0;0
24406360309;1;A;20220620001147;1685;10;0;0;0;0;0;0
24406365614;2;A;20220620001148;1693;10;0;0;0;0;0;0
24406413616;1;A;20220620001149;1655;10;0;0;0;0;0;0
24406415153;2;A;20220620001150;1723;10;0;0;0;0;0;0
24406705080;1;A;20220620001151;1680;1;0;0;0;0;0;0
24406961140;2;A;20220620001153;1750;1;0;0;0;0;0;0
24409778042;2;A;20220620001156;1691;5;0;0;0;0;0;0
24409983010;2;A;20220620001159;1689;4;0;0;0;0;0;0
24409985218;2;A;20220620001160;1689;2;0;0;0;0;0;0
24410038343;1;A;20220620001161;1688;1;0;0;0;0;0;0
24410301995;1;A;20220620001163;1685;1;0;0;0;0;0;0
24410395826;2;A;20220620001164;1689;4;0;0;0;0;0;0
24410443500;2;A;20220620001165;1689;2;0;0;0;0;0;0
24411323355;2;A;20220620001166;1689;1;0;0;0;0;0;0
24412165455;2;A;20220620001167;1689;1;0;0;0;0;0;0
24413378523;2;A;20220620001168;1689;3;0;0;0;0;0;0
24415760699;2;A;20220620001170;1729;2;0;0;0;0;0;0
24415783622;2;A;20220620001172;1689;2;0;0;0;0;0;0
24417962923;1;A;20220620001175;1650;1;0;0;0;0;0;0
24418343073;1;A;20220620001177;1686;10;0;0;0;0;0;0
24418345805;2;A;20220620001178;1694;10;0;0;0;0;0;0
24418378907;1;A;20220620001179;1656;10;0;0;0;0;0;0
24418392631;2;A;20220620001180;1724;10;0;0;0;0;0;0
24420439225;1;A;20220620001181;1689;4;0;0;0;0;0;0
24420440174;1;A;20220620001182;1689;2;0;0;0;0;0;0
24420527876;1;A;20220620001183;1689;5;0;0;0;0;0;0
24421006944;1;A;20220620001184;1689;2;0;0;0;0;0;0
24421328781;1;A;20220620001185;1689;5;0;0;0;0;0;0
24421833991;2;A;20220620001186;1698;10;0;0;0;0;0;0
24422211570;1;A;20220620001188;1689;2;0;0;0;0;0;0
24422238511;2;A;20220620001189;1697;35;0;0;0;0;0;0
24422343462;1;A;20220620001190;1685;10;0;0;0;0;0;0
24422346226;2;A;20220620001191;1693;10;0;0;0;0;0;0
24422397918;1;A;20220620001192;1655;10;0;0;0;0;0;0
24422399456;2;A;20220620001193;1723;10;0;0;0;0;0;0
24424745716;1;A;20220620001194;1689;1;0;0;0;0;0;0
24424752015;1;A;20220620001195;1686;12;0;0;0;0;0;0
24424752670;2;A;20220620001196;1694;12;0;0;0;0;0;0
24425061276;1;A;20220620001197;1689;2;0;0;0;0;0;0
24427074862;1;A;20220620001198;1689;2;0;0;0;0;0;0
24429057591;1;A;20220620001199;1689;1;0;0;0;0;0;0
24429338643;1;A;20220620001200;1689;3;0;0;0;0;0;0
24430444773;1;A;20220620001201;1689;2;0;0;0;0;0;0
24430713812;1;A;20220620001202;1689;1;0;0;0;0;0;0
24431271345;2;A;20220620001203;1699;1;0;0;0;0;0;0
24431860818;2;A;20220620001204;1700;1;0;0;0;0;0;0
24432100625;1;A;20220620001205;1681;5;0;0;0;0;0;0
24434247963;1;A;20220620001206;1686;5;0;0;0;0;0;0
24434315977;1;A;20220620001207;1689;10;0;0;0;0;0;0
24435053438;1;A;20220620001208;1689;4;0;0;0;0;0;0
24436298824;1;A;20220620001209;1690;20;0;0;0;0;0;0
24436300984;1;A;20220620001210;1690;2;0;0;0;0;0;0
24436312037;1;A;20220620001211;1687;12;0;0;0;0;0;0
24436312489;2;A;20220620001212;1695;12;0;0;0;0;0;0
24436504203;1;A;20220620001213;1690;11;0;0;0;0;0;0
24436526557;1;A;20220620001214;1686;10;0;0;0;0;0;0
24436676626;2;A;20220620001215;1694;10;0;0;0;0;0;0
24436702410;1;A;20220620001216;1656;10;0;0;0;0;0;0
24436713378;2;A;20220620001217;1724;10;0;0;0;0;0;0
24437330986;1;A;20220620001218;1690;2;0;0;0;0;0;0
24437332111;1;A;20220620001219;1690;2;0;0;0;0;0;0
24437346290;1;A;20220620001220;1687;7;0;0;0;0;0;0
24437347930;2;A;20220620001221;1695;7;0;0;0;0;0;0
24437943584;2;A;20220620001222;1700;1;0;0;0;0;0;0
24437989749;1;A;20220620001223;1689;1;0;0;0;0;0;0
24438033889;1;A;20220620001224;1688;1;0;0;0;0;0;0
24438115377;1;A;20220620001225;1689;1;0;0;0;0;0;0
24438750298;1;A;20220620001226;1680;1;0;0;0;0;0;0
24438752667;1;A;20220620001227;1690;3;0;0;0;0;0;0
24438754424;1;A;20220620001228;1685;10;0;0;0;0;0;0
24439156259;1;A;20220620001229;1689;1;0;0;0;0;0;0
24439160132;1;A;20220620001230;1685;10;0;0;0;0;0;0
24439162066;1;A;20220620001231;1685;10;0;0;0;0;0;0
24440257355;2;A;20220620001233;1691;2;0;0;0;0;0;0
24440257505;1;A;20220620001234;1690;2;0;0;0;0;0;0
24440262141;1;A;20220620001235;1686;12;0;0;0;0;0;0
24440262805;2;A;20220620001236;1694;12;0;0;0;0;0;0
24440282382;1;A;20220620001237;1690;4;0;0;0;0;0;0
24440328914;1;A;20220620001238;1689;11;0;0;0;0;0;0
24440457063;1;A;20220620001239;1690;2;0;0;0;0;0;0
24440458126;1;A;20220620001240;1690;2;0;0;0;0;0;0
24441283013;2;A;20220620001241;1695;1;0;0;0;0;0;0
24441370471;1;A;20220620001242;1690;11;0;0;0;0;0;0
24441375043;1;A;20220620001243;1687;12;0;0;0;0;0;0
